<?xml version="1.0" encoding="utf-8"?>
<odoo>
    <data>
        <!--Email template -->
        <record id="email_template_request_approval_mail" model="mail.template">
            <field name="name">Request Approval Mail</field>
            <field name="email_from">${object.owner_id.email or ''}</field>
            <field name="subject">RMCL | SR-PR Approval Request | Ref: ${object.name or '' }</field>
            <field name="email_to">${object.teamlead_id.email}</field>
            <field name="model_id" ref="sr-pr.model_sr_pr_request"/>
            <field name="auto_delete" eval="True"/>
            <field name="body_html" type="html">
                <div style="margin: 0px; padding: 0px;">
                    <p style="margin: 0px; padding: 0px; font-size: 13px;">
                    <p>Request type : ${object.select_request_type()}</p> 
                    <p>Project : ${object.project_id.name}</p> 
                    <p>Company : ${object.partner_id.name}</p>
                    <p>Request By : ${object.owner_id.name}</p>
                    <p>Sales Team : ${object.team_id.name}</p>
                    <p>link : ${object.email_link()}</p>
                    </p>
                </div>
            </field>
        </record>
    </data>
</odoo>
